ID,Date,Symbol,Code,Company Name,Open Price,High Price,Low Price,Close Price,Volume,Previous Close
1,4-Jul-25,786,813,786 Invest Ltd,10.47,10.47,9.95,10,52001,10.21
2,4-Jul-25,AABS,826,Al-Abbas Sugar,850,866,840,857.99,194,852
3,4-Jul-25,AATM,830,Ali Asghar Textile,101.01,101.01,95,98,10973,104.92
4,4-Jul-25,ABL,807,Allied Bank Ltd,157.1,168,154.11,162.17,307886,157.01
5,4-Jul-25,ABOT,823,Abbott Lab.,1025,1055,1025,1033.08,4585,1034.6
6,4-Jul-25,ACIETF,837,Alfalah ConsumerXD,15.8,15.82,15.58,15.7,14500,15.79
7,4-Jul-25,ACPL,804,Attock Cement,284.5,289,284.5,287.16,35664,287.15
8,4-Jul-25,ADAMS,826,Adam Sugar,58.6,66.99,58.6,65.57,2471,63
9,4-Jul-25,ADMM,829,Artistic Denim,58,64.17,57.5,64.17,707520,58.34
10,4-Jul-25,AGHA,808,Agha Steel Ind.,9.09,9.11,8.9,8.93,1104955,8.91
11,4-Jul-25,AGHA-AUG,40,Agha Steel Ind.,0,0,0,9.13,0,9.12
12,4-Jul-25,AGHA-JUL,40,Agha Steel Ind.,9.15,9.2,9,9.01,216000,9
13,4-Jul-25,AGHA-SEP,40,Agha Steel Ind.,0,0,0,9.24,0,9.23
14,4-Jul-25,AGIC,812,Ask.Gen.Insur.,33.06,35.99,33.06,35.03,9141,33.99
15,4-Jul-25,AGIL,802,Agriautos Ind.,128.5,139.89,126.9,136.13,1661573,127.37
16,4-Jul-25,AGL,809,Agritech Limited,53.82,53.82,52.9,53.38,254264,53.82
17,4-Jul-25,AGL-AUG,40,Agritech Limited,0,0,0,54.59,0,55.11
18,4-Jul-25,AGL-JUL,40,Agritech Limited,54,54,53.16,53.94,29000,54.25
19,4-Jul-25,AGL-SEP,40,Agritech Limited,0,0,0,55.22,0,55.75
20,4-Jul-25,AGP,823,AGP Limited,190.1,191.9,188,190.45,474833,190.56
21,4-Jul-25,AGP-AUG,40,AGP Limited,0,0,0,194.78,0,195.13
22,4-Jul-25,AGP-JUL,40,AGP Limited,174.01,190.25,174.01,190.25,20000,192.33
23,4-Jul-25,AGP-SEP,40,AGP Limited,0,0,0,197.03,0,197.38
24,4-Jul-25,AGSML,826,Abdullah Shah,7.64,7.94,7.55,7.74,91760,7.64
25,4-Jul-25,AGTL,801,AL-Ghazi Tractors,419,419,410,412.85,11765,414.02
26,4-Jul-25,AHCL,809,Arif Habib Corp,11.04,11.4,11,11.29,2363658,11.04
27,4-Jul-25,AHL,813,Arif Habib Limited.,75.06,78,74.51,77.55,116501,76
28,4-Jul-25,AICL,812,Adamjee Ins.,59.05,63.13,57.5,62.6,7467698,57.39
29,4-Jul-25,AICL-AUG,40,Adamjee Ins.,0,0,0,64.02,0,57.51
30,4-Jul-25,AICL-JUL,40,Adamjee Ins.,59.89,63.36,58,62.57,615000,57.6
31,4-Jul-25,AICL-SEP,40,Adamjee Ins.,0,0,0,64.76,0,59.44
32,4-Jul-25,AIRLINK,828,Air Link Commun,153.99,156.1,152.4,153.48,1952977,152.83
33,4-Jul-25,AIRLINK-AUG,40,Air Link Commun,0,0,0,156.97,0,156.5
34,4-Jul-25,AIRLINK-JUL,40,Air Link Commun,154,157,153.5,154.37,551000,153.71
35,4-Jul-25,AIRLINK-SEP,40,Air Link Commun,0,0,0,158.78,0,158.3
36,4-Jul-25,AKBL,807,Askari Bank,58.6,59.7,57.03,59.3,8619231,58.52
37,4-Jul-25,AKBL-AUG,40,Askari Bank,0,0,0,60.65,0,59.92
38,4-Jul-25,AKBL-JUL,40,Askari Bank,58.27,61,57.5,59.68,341000,59.29
39,4-Jul-25,AKBL-SEP,40,Askari Bank,0,0,0,61.35,0,60.61
40,4-Jul-25,AKDHL,818,AKD Hospitality,171.61,177.99,171,171.01,8430,171.95
41,4-Jul-25,AKDSL,813,AKD Securites,28.06,29.95,28,29.95,2963162,27.23
42,4-Jul-25,AKGL,818,AL-Khair Gadoon,54,56.49,53.99,55.72,650,51.37
43,4-Jul-25,ALAC,812,Askari Life Ass,7.15,7.35,7,7.03,54770,7.19
44,4-Jul-25,ALIFE,812,Adamjee Life Ass.,30.77,33.85,30.01,32.97,156536,30.77
45,4-Jul-25,ALNRS,826,AL-Noor Sugar,79,87.48,79,87.09,9005,79.53
46,4-Jul-25,ALTN,824,Altern Energy,11.12,11.12,10.99,11.01,485091,11.02
47,4-Jul-25,AMBL,813,Apna Microfin.,13.66,13.66,13.66,13.03,1,13.03
48,4-Jul-25,AMTEX,830,Amtex Limited,3.4,3.4,3.22,3.25,686432,3.3
49,4-Jul-25,ANL,829,Azgard Nine,10.88,10.88,10.45,10.63,2673448,10.55
50,4-Jul-25,ANTM,829,AN Textile Mill,27.26,27.26,26,27.2,2756,27.25
51,4-Jul-25,APL,821,Attock Petroleum,515,520,510.05,512.49,41132,513.14
52,4-Jul-25,ARCTM,830,Arctic Textile,45.76,45.76,37.44,39.8,74725,41.6
53,4-Jul-25,ARPAK,818,Arpak Int.,55.5,61.05,55.5,56.62,1415,55.5
54,4-Jul-25,ARPL,805,Archroma Pak,421.06,421.06,411.36,413.42,6341,422.82
55,4-Jul-25,ARUJ,829,Aruj Industries,9.82,9.89,9.51,9.55,32094,9.62
56,4-Jul-25,ASC,810,Al-Shaheer Corp,7.74,8,7.31,7.92,1688441,7.53
57,4-Jul-25,ASHT,831,Ashfaq Textile,26.57,26.57,24.16,25.08,6677,26.57
58,4-Jul-25,ASIC,812,Asia Insurance,18.39,18.39,18.39,18.1,1,18.1
59,4-Jul-25,ASL,808,Aisha Steel Mill,11.25,11.44,11.1,11.28,2540921,11.19
60,4-Jul-25,ASL-AUG,40,Aisha Steel Mill,0,0,0,11.54,0,11.46
61,4-Jul-25,ASL-JUL,40,Aisha Steel Mill,11.41,11.5,11.2,11.32,379500,11.23
62,4-Jul-25,ASL-SEP,40,Aisha Steel Mill,0,0,0,11.67,0,11.59
63,4-Jul-25,ASTL,808,Amreli Steels,23.95,23.95,23,23.21,318739,23.57
64,4-Jul-25,ASTM,830,Asim Textile,16.68,16.94,16.22,16.75,3426,16.47
65,4-Jul-25,ATBA,802,Atlas Battery,294,294.93,286,290.53,14302,291.64
66,4-Jul-25,ATIL,812,Atlas Ins. Ltd,61,62.9,61,61.5,21758,61
67,4-Jul-25,ATLH,801,Atlas Honda Ltd,1082.5,1112.92,1076.82,1079.96,10012,1076.81
68,4-Jul-25,ATRL,825,Attock Refinery,676.5,680,670.11,676.21,284586,675.49
69,4-Jul-25,ATRL-AUG,40,Attock Refinery,0,0,0,691.59,0,691.7
70,4-Jul-25,ATRL-JUL,40,Attock Refinery,681,683,674,679.77,170500,679.7
71,4-Jul-25,ATRL-SEP,40,Attock Refinery,0,0,0,699.56,0,699.67
72,4-Jul-25,AVN,828,Avanceon Ltd,50.4,51.45,50.13,50.67,1530760,50.42
73,4-Jul-25,AVN-AUG,40,Avanceon Ltd,0,0,0,51.82,0,51.63
74,4-Jul-25,AVN-JUL,40,Avanceon Ltd,50.6,51.75,50.6,51.01,433500,50.9
75,4-Jul-25,AVN-SEP,40,Avanceon Ltd,0,0,0,52.42,0,52.22
76,4-Jul-25,AWTX,830,Allawasaya Tex,1429,1429,1429,1299.95,1,1299.95
77,4-Jul-25,BAFL,807,Bank Al-Falah,83.5,85.98,83,85.34,4818340,83.64
78,4-Jul-25,BAFL-AUG,40,Bank Al-Falah,0,0,0,87.28,0,85.65
79,4-Jul-25,BAFL-JUL,40,Bank Al-Falah,84,86.5,84,86.25,174500,84.7
80,4-Jul-25,BAFL-SEP,40,Bank Al-Falah,0,0,0,88.29,0,86.63
81,4-Jul-25,BAHL,807,Bank AL-Habib,164.1,171,163.2,169.98,288502,164.78
82,4-Jul-25,BAHL-AUG,40,Bank AL-Habib,0,0,0,173.85,0,168.74
83,4-Jul-25,BAHL-JUL,40,Bank AL-Habib,167,171,167,170.5,11000,169.18
84,4-Jul-25,BAHL-SEP,40,Bank AL-Habib,0,0,0,175.85,0,170.68
85,4-Jul-25,BAPL,805,Bawany Air Pro(DEF.),42,42,40.65,41.21,9745,41.62
86,4-Jul-25,BATA,816,Bata (Pak) Ltd.,1497,1497.49,1490,1490.02,7090,1494.35
87,4-Jul-25,BBFL,810,Big Bird Foods Ltd.,49.84,50.5,49,50.31,5232159,49.58
88,4-Jul-25,BCL,808,Bolan Casting,98.12,100.8,98.12,100.14,51628,100
89,4-Jul-25,BECO,808,Beco Steel Ltd,26,26.59,22,26.59,7489567,24.17
90,4-Jul-25,BELA,802,Bela Automotive,121.06,121.06,110,111.67,906,121.88
91,4-Jul-25,BERG,805,Berger Paints,110.5,114.88,108.05,111.7,176257,110.42
92,4-Jul-25,BFAGRO,810,Barkat Frisian Agro,41.25,41.9,40,40.92,4634711,41.17
93,4-Jul-25,BFBIO,823,BF Biosciences,173.49,173.49,171.12,172.26,194797,172.55
94,4-Jul-25,BFMOD,819,B.F.Modaraba,10.79,12.06,10.5,11.12,38870,10.96
95,4-Jul-25,BGL,811,Bal.Glass,11.2,12,11.11,11.81,1223123,11.3
96,4-Jul-25,BHAT,829,Bhanero Tex.,960,960,840,887.69,4178,920.51
97,4-Jul-25,BIFO,805,Biafo Industries,173.11,176.5,173.11,175.09,64320,176.13
98,4-Jul-25,BILF,830,Bilal Fibres,22,22.5,21.4,21.71,274161,22.48
99,4-Jul-25,BIPL,807,Bankislami Pak,35.6,36.25,34.61,35.76,4381599,35.52
100,4-Jul-25,BIPL-AUG,40,Bankislami Pak,0,0,0,36.57,0,36.37
101,4-Jul-25,BIPL-JUL,40,Bankislami Pak,35.3,36.44,34.75,35.92,1277500,35.76
102,4-Jul-25,BIPL-SEP,40,Bankislami Pak,0,0,0,36.99,0,36.79
103,4-Jul-25,BKTI-AUG,41,BKTI,0,0,0,36431,0,35182
104,4-Jul-25,BKTI-JUL,41,BKTI,0,0,0,36040,0,34805
105,4-Jul-25,BKTI-SEP,41,BKTI,0,0,0,36743,0,35484
106,4-Jul-25,BML,807,Bank Makramah,5.25,5.43,5.05,5.12,35806875,5.15
107,4-Jul-25,BML-AUG,40,Bank Makramah,0,0,0,5.24,0,5.27
108,4-Jul-25,BML-JUL,40,Bank Makramah,5.36,5.45,5.1,5.17,6837000,5.18
109,4-Jul-25,BML-SEP,40,Bank Makramah,0,0,0,5.3,0,5.33
110,4-Jul-25,BNL,810,Bunnys Limited,110,110,99,100.23,5267639,103.2
111,4-Jul-25,BNWM,835,Bannu Woollen,73.5,74.5,69.1,70.06,245578,73.49
112,4-Jul-25,BOK,807,Bank Of Khyber,16.5,18.39,16.5,17.57,12291,18
113,4-Jul-25,BOP,807,B.O.Punjab,11.5,11.74,11.36,11.66,17547639,11.52
114,4-Jul-25,BOP-AUG,40,B.O.Punjab,0,0,0,11.93,0,11.8
115,4-Jul-25,BOP-JUL,40,B.O.Punjab,11.55,11.84,11.44,11.73,5580000,11.61
116,4-Jul-25,BOP-SEP,40,B.O.Punjab,0,0,0,12.06,0,11.93
117,4-Jul-25,BPL,821,Burshane LPG,38.75,38.75,36.7,37.44,174840,38.18
118,4-Jul-25,BRRG,838,B.R.R Guardia Ltd,26.99,26.99,26,26.45,7546,26.46
119,4-Jul-25,BTL,829,Blessed Tex.,293.01,322,293.01,316.01,37,316.01
120,4-Jul-25,BUXL,805,Buxly Paints,187,188,185.2,186.36,13053,185.06
121,4-Jul-25,BWCL,804,Bestway Cement,410.06,411,408,409.4,10826,409.86
122,4-Jul-25,BWHL,802,Bal.Wheels,142.13,144,142,142.08,3604,142.11
123,4-Jul-25,CASH,813,Calcorp Limited,37.18,37.39,37,37.31,2145,37.18
124,4-Jul-25,CCM,830,Crescent Cotton,57,57,53.25,53.26,2460,54
125,4-Jul-25,CENI,812,Century Ins.,45,45.5,44.5,45.46,4892,45
126,4-Jul-25,CEPB,822,Century Paper,29.11,29.48,29.01,29.21,421930,29.38
127,4-Jul-25,CEPB-JUL,40,Century Paper,29.64,29.64,29.33,29.39,8000,29.56
128,4-Jul-25,CHAS,826,Chashma Sugar,66.35,71.65,58.63,66.22,17243,65.14
129,4-Jul-25,CHBL,829,Chenab Limited,7.4,7.49,7.01,7.11,97105,7.02
130,4-Jul-25,CHCC,804,Cherat Cement,288,288.89,284.07,287.88,14752,289.74
131,4-Jul-25,CHCC-AUG,40,Cherat Cement,0,0,0,294.43,0,296.69
132,4-Jul-25,CHCC-JUL,40,Cherat Cement,0,0,0,290.18,0,292.42
133,4-Jul-25,CHCC-SEP,40,Cherat Cement,0,0,0,297.82,0,300.11
134,4-Jul-25,CLCPS,829,Chenab Ltd.(Pre,3.44,3.44,3,3.03,21426,3.1
135,4-Jul-25,CLOV,810,Clover Pakistan,43.05,43.2,41.82,42.14,334402,42.46
136,4-Jul-25,CLVL,833,Cordoba Logist,18.6,19.2,17.55,19.19,2330,18.61
137,4-Jul-25,CNERGY,825,Cnergyico PK,7.1,7.15,7.05,7.11,3770695,7.1
138,4-Jul-25,CNERGY-JUL,40,Cnergyico PK,7.24,7.24,7.11,7.14,784500,7.15
139,4-Jul-25,CNERGY-SEP,40,Cnergyico PK,0,0,0,7.36,0,7.35
140,4-Jul-25,COLG,810,Colgate Palm,1335,1335,1333,1334.95,6540,1334.74
141,4-Jul-25,CPHL,823,Citi Pharma Ltd,90.05,90.9,87.8,88.41,2399271,90.21
142,4-Jul-25,CPHL-AUG,40,Citi Pharma Ltd,0,0,0,90.42,0,92.38
143,4-Jul-25,CPHL-JUL,40,Citi Pharma Ltd,90.95,91.08,88.41,88.76,1077000,91.08
144,4-Jul-25,CPHL-SEP,40,Citi Pharma Ltd,0,0,0,91.46,0,93.44
145,4-Jul-25,CPPL,822,Cherat Packaging,113,113.93,112,112.31,86843,112.99
146,4-Jul-25,CRTM,829,Crescent Tex.,22.09,22.47,21.4,22.21,349357,21.64
147,4-Jul-25,CSAP,808,Crescent Steel,119.49,119.49,114.9,115.11,353610,118.03
148,4-Jul-25,CSAP-AUG,40,Crescent Steel,0,0,0,117.73,0,120.86
149,4-Jul-25,CSAP-JULB,40,Crescent Steel,119.27,119.27,115.5,116,11000,119
150,4-Jul-25,CSAP-SEP,40,Crescent Steel,0,0,0,119.08,0,122.25
151,4-Jul-25,CSIL,812,Cres.Star Ins.,3.36,3.45,3.27,3.35,620531,3.42
152,4-Jul-25,CTM,830,Colony Tex.Mills Ltd,5.49,5.49,5.17,5.32,387237,5.32
153,4-Jul-25,CWSM,830,Chakwal Spinning,40.85,43.24,40,41.44,1052286,40.04
154,4-Jul-25,CYAN,813,Cyan Limited,33.03,33.99,33.03,33.32,41906,33.54
155,4-Jul-25,DAAG,805,Data Agro,106.25,110.25,106.25,107.73,6729,107.95
156,4-Jul-25,DADX,808,Dadex Eternit,66,67.99,65.02,66.02,85,66.02
157,4-Jul-25,DBCI,804,Dadabhoy Cement,5.92,6.04,5.9,5.93,110583,5.92
158,4-Jul-25,DCL,804,Dewan Cement,13.85,13.98,13.4,13.56,3847263,13.85
159,4-Jul-25,DCL-AUG,40,Dewan Cement,0,0,0,13.87,0,14.18
160,4-Jul-25,DCL-JUL,40,Dewan Cement,14.05,14.05,13.55,13.62,996000,13.93
161,4-Jul-25,DCL-SEP,40,Dewan Cement,0,0,0,14.03,0,14.35
162,4-Jul-25,DCR,836,Dolmen City,27.08,27.15,26.97,27.01,601901,27.08
163,4-Jul-25,DCR-AUG,40,Dolmen City,0,0,0,27.62,0,27.73
164,4-Jul-25,DCR-JUL,40,Dolmen City,0,0,0,27.23,0,27.33
165,4-Jul-25,DCR-SEP,40,Dolmen City,0,0,0,27.94,0,28.05
166,4-Jul-25,DEL,813,Dawood Equities,9.92,11.3,9.92,10.85,135150,10.5
167,4-Jul-25,DFML,801,Dewan Motors,36.99,37.59,36.35,36.76,3703583,36.69
168,4-Jul-25,DFML-AUG,40,Dewan Motors,0,0,0,37.6,0,37.57
169,4-Jul-25,DFML-JUL,40,Dewan Motors,36.5,37.85,36.5,37.01,836000,36.97
170,4-Jul-25,DFML-SEP,40,Dewan Motors,0,0,0,38.03,0,38
171,4-Jul-25,DFSM,830,Dewan Farooque Sp.,6.79,7.11,6.6,6.71,2724623,6.64
172,4-Jul-25,DGKC,804,D.G.K.Cement,161.18,163,160.5,162.52,2007289,161.18
173,4-Jul-25,DGKC-AUG,40,D.G.K.Cement,0,0,0,166.22,0,165.05
174,4-Jul-25,DGKC-JUL,40,D.G.K.Cement,161.07,163.84,161,163.45,461500,162.45
175,4-Jul-25,DGKC-SEP,40,D.G.K.Cement,0,0,0,168.13,0,166.95
176,4-Jul-25,DHPL,813,DH Partners Ltd.,37.37,37.98,37.01,37.94,6930,37.62
177,4-Jul-25,DIIL,818,Diamond Ind.,23.6,23.6,23.6,23.6,1100,23.6
178,4-Jul-25,DINT,830,Din Textile,86.1,86.1,86.1,86.1,10066,78.27
179,4-Jul-25,DLL,813,Dawood Law,255,259,229.09,249.91,327,252.83
180,4-Jul-25,DMC,830,D.M. Corporation Ltd,0,0,0,40.13,0,36.89
181,4-Jul-25,DMTM,830,Dewan Mushtaq,11.55,11.55,11.55,11.55,47506,10.5
182,4-Jul-25,DNCC,804,Dandot Cement,15.3,15.3,14.75,14.93,1036,14.99
183,4-Jul-25,DOL,805,Descon Oxychem,33.85,34.75,33.16,33.36,4601531,33.39
184,4-Jul-25,DSIL,830,D.S. Ind. Ltd.,5.87,5.98,5.61,5.89,297735,5.86
185,4-Jul-25,DSL,808,Dost Steels Ltd.,8.83,8.83,8.5,8.51,45234,8.83
186,4-Jul-25,DWAE,802,Dewan Auto Engg,34.99,34.99,32.5,32.73,6777,34.13
187,4-Jul-25,DWSM,826,Dewan Sugar,6.69,7.35,6.69,7.18,2553105,6.69
188,4-Jul-25,DWTM,830,Dewan Textile,6.99,6.99,6.84,6.85,700,6.87
189,4-Jul-25,DYNO,805,Dynea Pakistan,281.7,289.9,278,283.85,4452,281.81
190,4-Jul-25,ECOP,818,ECOPACK Ltd,62,67.25,60.9,64.13,1393205,61.81
191,4-Jul-25,EFERT,809,Engro Fertert,194.76,197.49,194,196.29,651715,194.55
192,4-Jul-25,EFERT-AUG,40,Engro Fertert,0,0,0,200.75,0,199.22
193,4-Jul-25,EFERT-JUL,40,Engro Fertert,195,197.4,195,197.4,3500,194.14
194,4-Jul-25,EFERT-SEP,40,Engro Fertert,0,0,0,203.07,0,201.51
195,4-Jul-25,EFUG,812,EFU General,121.91,122.98,119,119.2,13218,119.01
196,4-Jul-25,EFUL,812,EFU Life Assurance,152,153.5,150,151.54,22893,151.89
197,4-Jul-25,ELCM,830,Elahi Cotton,138.99,143,130,131.56,178,131.56
198,4-Jul-25,EMCO,803,EMCO Industries,45.04,48,45,46,4096,48.78
199,4-Jul-25,ENGROH,813,Engro Holdings,186.7,188.5,186.01,186.87,420031,188.43
200,4-Jul-25,EPCL,805,Engro Polymer,31.46,31.8,31.31,31.64,495393,31.47
201,4-Jul-25,EPCL-AUG,40,Engro Polymer,0,0,0,32.36,0,32.23
202,4-Jul-25,EPCL-JUL,40,Engro Polymer,31.4,32,31.4,31.92,80500,31.67
203,4-Jul-25,EPCLPS,805,Engro Poly (Pref),13.5,13.5,13.5,13.5,16,13.5
204,4-Jul-25,EPCL-SEP,40,Engro Polymer,0,0,0,32.73,0,32.6
205,4-Jul-25,EPQL,824,Engro Powergen,28.69,28.69,28.01,28.5,179502,28.45
206,4-Jul-25,ESBL,813,Escorts Bank,8,8.6,7.71,8.06,712328,7.69
207,4-Jul-25,EXIDE,802,Exide (PAK),851,859.8,826,852.62,10028,849.05
208,4-Jul-25,FABL,807,Faysal Bank,80.64,80.64,78.6,79.93,3682036,80.21
209,4-Jul-25,FABL-AUG,40,Faysal Bank,0,0,0,81.75,0,82.14
210,4-Jul-25,FABL-JUL,40,Faysal Bank,80.02,81,79.11,80.7,1683000,80.72
211,4-Jul-25,FABL-SEP,40,Faysal Bank,0,0,0,82.69,0,83.08
212,4-Jul-25,FANM,819,AL-Noor Mod,4.25,4.3,4.25,4.3,1836,4.3
213,4-Jul-25,FASM,829,Faisal Spinning,331.99,360,322.05,346.02,399,355.57
214,4-Jul-25,FATIMA,809,Fatima Fert,100.5,101.98,100.5,101.29,137422,101.22
215,4-Jul-25,FATIMA-AUG,40,Fatima Fert,0,0,0,103.59,0,103.65
216,4-Jul-25,FATIMA-JUL,40,Fatima Fert,102,102.01,102,102.01,1000,102
217,4-Jul-25,FATIMA-SEP,40,Fatima Fert,0,0,0,104.79,0,104.84
218,4-Jul-25,FCCL,804,Fauji Cement,46.23,46.31,45.5,45.87,2478460,45.99
219,4-Jul-25,FCCL-AUG,40,Fauji Cement,0,0,0,46.91,0,47.09
220,4-Jul-25,FCCL-JUL,40,Fauji Cement,46.4,46.52,45.88,46.13,443000,46.21
221,4-Jul-25,FCCL-SEP,40,Fauji Cement,0,0,0,47.45,0,47.64
222,4-Jul-25,FCEL,813,First Cap.Equit,4.41,4.41,4.2,4.2,1005,4.05
223,4-Jul-25,FCEPL,810,Frieslandcampina,88.81,89.49,87.5,88.55,390163,88.81
224,4-Jul-25,FCEPL-AUG,40,Frieslandcampina,0,0,0,90.56,0,90.94
225,4-Jul-25,FCEPL-JUL,40,Frieslandcampina,89.2,91,88.5,89,63500,89.42
226,4-Jul-25,FCEPL-SEP,40,Frieslandcampina,0,0,0,91.61,0,91.99
227,4-Jul-25,FCIBL,813,F.Credit & Inv,16.41,16.41,13.51,16.41,76674,14.92
228,4-Jul-25,FCL,803,Fast Cables Ltd.,25.5,26.44,25.5,25.8,11364366,25.47
229,4-Jul-25,FCSC,813,Ist.Capital Sec,2.76,2.89,2.69,2.72,1754449,2.76
230,4-Jul-25,FDPL,813,First Dawood Prop,4.94,5.3,4.94,5.18,4452226,4.96
231,4-Jul-25,FECM,819,Elite Cap.Mod,35.1,37.41,35.1,37.41,12333,34.01
232,4-Jul-25,FECTC,804,Fecto Cement,90,90.9,87.03,88.35,120820,90.5
233,4-Jul-25,FEM,819,Equity Modaraba,4.85,4.89,4.13,4.63,26780,4.62
234,4-Jul-25,FEROZ,823,Ferozsons (Lab),385.05,394.01,385.05,386.96,69998,388.48
235,4-Jul-25,FFC,809,Fauji Fert,417,417,403,404.86,1818337,413.74
236,4-Jul-25,FFC-AUG,40,Fauji Fert,0,0,0,414.07,0,423.67
237,4-Jul-25,FFC-JULB,40,Fauji Fert,413,414.89,406.8,407,207500,415.27
238,4-Jul-25,FFC-SEP,40,Fauji Fert,0,0,0,418.84,0,428.55
239,4-Jul-25,FFL,810,Fauji Foods Ltd,16.05,16.09,15.8,15.99,5318032,16.03
240,4-Jul-25,FFL-AUG,40,Fauji Foods Ltd,0,0,0,16.35,0,16.41
241,4-Jul-25,FFL-JUL,40,Fauji Foods Ltd,16.11,16.27,15.9,16.1,2990500,16.16
242,4-Jul-25,FFLM,819,1st.Fid.Leasing,3.44,3.64,3.25,3.43,164582,3.44
243,4-Jul-25,FFL-SEP,40,Fauji Foods Ltd,0,0,0,16.54,0,16.6
244,4-Jul-25,FHAM,819,Habib Modaraba,23.75,24.4,23.11,23.98,16783,23.75
245,4-Jul-25,FIBLM,819,I.B.L.Modarab,4.79,4.89,4.5,4.55,38793,4.79
246,4-Jul-25,FIMM,819,Imrooz Modaraba,199.66,199.66,199.5,199.66,25,199.66
247,4-Jul-25,FLYNG,804,Flying Cement,55.67,56.25,55,55.7,174440,55.67
248,4-Jul-25,FLYNG-AUG,40,Flying Cement,0,0,0,56.97,0,57.01
249,4-Jul-25,FLYNG-JUL,40,Flying Cement,55.51,56.28,55.51,55.84,38500,56.38
250,4-Jul-25,FLYNG-SEP,40,Flying Cement,0,0,0,57.62,0,57.66
251,4-Jul-25,FML,829,Feroze 1888,83.49,83.49,82,83.49,289432,75.9
252,4-Jul-25,FNEL,813,F. Nat.Equities,4.44,4.62,4.2,4.28,7698600,4.41
253,4-Jul-25,FPJM,819,Punjab Mod,4.35,4.35,4.1,4.18,313348,4.35
254,4-Jul-25,FPRM,819,Paramount Mod,9.11,9.11,9.11,9.6,100,9.6
255,4-Jul-25,FRCL,811,Frontier Ceram,41.98,42.09,39,40,19667,41.98
256,4-Jul-25,FRSM,826,Faran Sugar Mills,40.05,40.8,39.6,39.91,7141,41.56
257,4-Jul-25,FTMM,819,F.Treet Manuf,14.59,14.59,14.59,14.59,6872,13.26
258,4-Jul-25,FTSM,819,Tri-Star 1st Mod.,14.24,14.24,13.1,14.19,1854,13.16
259,4-Jul-25,FZCM,829,Fazal Cloth,229.48,246.33,210.04,241.81,20880,223.94
260,4-Jul-25,GADT,830,Gadoon Textile,434,434,391.25,413.35,670768,416.08
261,4-Jul-25,GAL,801,Ghandhara Automobile,413,449.81,410,447.89,3417842,408.92
262,4-Jul-25,GAL-AUG,40,Ghandhara Automobile,0,0,0,458.07,0,418.74
263,4-Jul-25,GAL-JUL,40,Ghandhara Automobile,414.1,453.27,412.51,450.6,1186000,412.06
264,4-Jul-25,GAL-SEP,40,Ghandhara Automobile,0,0,0,463.36,0,423.56
265,4-Jul-25,GAMON,818,Gammon Pak,25.49,25.8,25,25.1,35587,25
266,4-Jul-25,GATI,827,Gatron Ind.,145,145.75,139.8,140.95,361244,145.16
267,4-Jul-25,GATM,829,Gul Ahmed,29,29.7,28.2,29.44,2913141,28.83
268,4-Jul-25,GATM-AUG,40,Gul Ahmed,0,0,0,30.11,0,29.52
269,4-Jul-25,GATM-JUL,40,Gul Ahmed,29.11,29.85,28.6,29.52,799500,29.05
270,4-Jul-25,GATM-SEP,40,Gul Ahmed,0,0,0,30.46,0,29.86
271,4-Jul-25,GCIL,805,Ghani Chemical,27.49,28.98,26.7,27.9,12520077,27.27
272,4-Jul-25,GCIL-AUG,40,Ghani Chemical,0,0,0,28.53,0,27.92
273,4-Jul-25,GCIL-JUL,40,Ghani Chemical,27.2,29,27.05,27.94,1931500,27.4
274,4-Jul-25,GCIL-SEP,40,Ghani Chemical,0,0,0,28.86,0,28.25
275,4-Jul-25,GCWL,805,Ghani Chemworld,11.1,11.86,11.1,11.86,20951565,10.78
276,4-Jul-25,GEMMEL,824,Mughal Energy Ltd,22,22,22,22,500,22
277,4-Jul-25,GEMNETS,828,Nets International,30.99,31,30.99,31,3000,32
278,4-Jul-25,GEMPACRA,818,The Pakistan Credit,21,22.5,20.65,21.06,153329,20.67
279,4-Jul-25,GEMSPNL,828,Supernet Ltd.XB,39.5,39.9,39.5,39.5,42795,39.5
280,4-Jul-25,GFIL,829,Ghazi Fabrics,10.3,10.4,9.5,9.97,31502,9.93
281,4-Jul-25,GGGL,811,GhaniGlobalGlass,9.98,10.3,9.8,10.08,4917152,9.98
282,4-Jul-25,GGL,805,Ghani Glo Hol,18.75,19.49,18.61,18.77,19523404,18.69
283,4-Jul-25,GGL-AUG,40,Ghani Glo Hol,0,0,0,19.2,0,19.14
284,4-Jul-25,GGL-JUL,40,Ghani Glo Hol,18.98,19.6,18.7,18.86,4898000,18.8
285,4-Jul-25,GGL-SEP,40,Ghani Glo Hol,0,0,0,19.42,0,19.36
286,4-Jul-25,GHGL,811,Ghani Glass Ltd,42.25,43.49,40.51,41.11,579896,42.02
287,4-Jul-25,GHGL-AUG,40,Ghani Glass Ltd,0,0,0,42.04,0,43.03
288,4-Jul-25,GHGL-JUL,40,Ghani Glass Ltd,42,42,41.24,41.3,15000,42.3
289,4-Jul-25,GHGL-SEP,40,Ghani Glass Ltd,0,0,0,42.53,0,43.52
290,4-Jul-25,GHNI,801,Ghandhara Ind.,706.72,744,702.2,738.08,1636995,699.67
291,4-Jul-25,GHNI-AUG,40,Ghandhara Ind.,739.99,740,739.99,740,1500,716.46
292,4-Jul-25,GHNI-JUL,40,Ghandhara Ind.,711.75,747,707,742.75,584500,704.63
293,4-Jul-25,GHNI-SEP,40,Ghandhara Ind.,0,0,0,763.57,0,724.71
294,4-Jul-25,GLAXO,823,GlaxoSmithKline,394.99,400,388,399.02,802541,390.93
295,4-Jul-25,GLAXO-AUG,40,GlaxoSmithKline,0,0,0,408.09,0,400.31
296,4-Jul-25,GLAXO-JUL,40,GlaxoSmithKline,392,399.99,392,399.99,1000,393
297,4-Jul-25,GLAXO-SEP,40,GlaxoSmithKline,0,0,0,412.8,0,404.92
298,4-Jul-25,GLPL,810,Gillette Pak,239.99,239.99,225,237.72,957,241.41
299,4-Jul-25,GOC,818,GOC (Pak) Ltd.,85,85,79.01,84.7,1942,84.87
300,4-Jul-25,GRR,836,Globe Residency,19.7,19.9,19,19.25,46978,19.25
301,4-Jul-25,GRYL,815,Grays Leasing,7.55,7.99,6.81,7.08,237563,7.66
302,4-Jul-25,GSPM,830,Gulshan Sp.,4,4.14,3.95,4.02,7915,3.99
303,4-Jul-25,GTYR,802,Ghandhara Tyre,43.6,47.89,43.6,47.89,4876249,43.54
304,4-Jul-25,GUSM,830,Gulistan Sp.,7.76,7.76,7.76,8,1,8
305,4-Jul-25,GVGL,811,Ghani Value Glass,57.02,59.85,55.55,56.38,7776,57.02
306,4-Jul-25,GWLC,804,Gharibwal Cement,48.51,49.18,48.35,48.71,198191,48.67
307,4-Jul-25,HABSM,826,Habib Sugar,79.01,84.89,79.01,83.37,12696,80.13
308,4-Jul-25,HAEL,829,Hala Enterprise,22.24,23.98,21.6,23.98,332996,21.8
309,4-Jul-25,HAFL,829,Hafiz Limited,265.01,299.9,265.01,285.05,7,285.05
310,4-Jul-25,HALEON,823,Haleon Pakistan,793,813,781.5,785.06,90452,790.02
311,4-Jul-25,HASCOL,821,Hascol Petrol,10.3,10.67,10.17,10.44,15836749,10.19
312,4-Jul-25,HBL,807,Habib Bank,185.8,197.51,184.3,196.71,4952704,186.36
313,4-Jul-25,HBL-AUG,40,Habib Bank,0,0,0,201.18,0,190.83
314,4-Jul-25,HBL-JUL,40,Habib Bank,188,198.8,187,197.45,345500,188.06
315,4-Jul-25,HBL-SEP,40,Habib Bank,0,0,0,203.5,0,193.03
316,4-Jul-25,HBLTETF,837,HBL Total TreasuryXD,111,119,106.02,111.03,74600,110.48
317,4-Jul-25,HCAR,801,Honda Atlas CarsXD,282.15,295.1,281,290.39,1782258,282.06
318,4-Jul-25,HGFA,806,HBL Growth FundXD,11.1,11.1,9.6,10.75,65660,10.63
319,4-Jul-25,HICL,812,Habib Ins.,8.67,8.67,8.5,8.52,121409,8.4
320,4-Jul-25,HIFA,806,HBL Invest FundXD,3.77,3.77,3.5,3.65,117152,3.44
321,4-Jul-25,HINO,801,Hinopak Motor,434,434,414,423.95,12301,428.07
322,4-Jul-25,HINOON,823,Highnoon (Lab),1005,1019,991,993.1,13763,1007.05
323,4-Jul-25,HIRAT,830,Hira Textile,4.3,4.3,4.1,4.14,1283079,4.14
324,4-Jul-25,HMB,807,Habib Metropolitan,103.94,107.49,102.05,106.11,520199,103.94
325,4-Jul-25,HPL,823,Hoechst Pak Ltd,3398.01,3400,3398,3368.02,5,3368.02
326,4-Jul-25,HRPL,826,Habib Rice Prod,32.5,34,30.51,33,2107,31.91
327,4-Jul-25,HTL,821,HI-Tech Lub.,43.92,44.68,43.65,44.37,130268,43.92
328,4-Jul-25,HUBC,824,Hub Power Co.,141.91,143.7,141.8,142.07,4204510,141.4
329,4-Jul-25,HUBC-AUG,40,Hub Power Co.,0,0,0,145.3,0,144.79
330,4-Jul-25,HUBC-JUL,40,Hub Power Co.,142.5,144.4,142.5,142.88,892000,142.18
331,4-Jul-25,HUBC-SEP,40,Hub Power Co.,0,0,0,146.98,0,146.46
332,4-Jul-25,HUMNL,828,Hum Network,12.75,13.32,12.52,12.77,13268977,12.63
333,4-Jul-25,HUMNL-AUG,40,Hum Network,0,0,0,13.06,0,12.93
334,4-Jul-25,HUMNL-JUL,40,Hum Network,12.95,13.4,12.67,12.89,1426000,12.72
335,4-Jul-25,HUMNL-SEP,40,Hum Network,0,0,0,13.21,0,13.08
336,4-Jul-25,HUSI,838,Hussain Industries,28.98,28.98,28.98,27.94,22,27.94
337,4-Jul-25,HWQS,826,Haseeb Waqas Sugar,20.59,20.59,19.88,20.59,810200,18.72
338,4-Jul-25,IBFL,827,Ibrahim Fibres,349,349,330,334.07,117,334.07
339,4-Jul-25,IBLHL,823,IBL HealthCare,63.5,65.48,58.15,64.55,1192489,63.46
340,4-Jul-25,ICCI,831,ICC Industries,12.49,12.49,11.71,12.22,9072,12.28
341,4-Jul-25,ICIBL,813,Invest Bank,10.26,10.57,9.81,9.96,6757762,10.45
342,4-Jul-25,ICL,805,Ittehad Chemicals,79,82.5,78.1,78.56,4623,79
343,4-Jul-25,IDRT,830,Idrees Textile,21.4,21.4,19.01,20.68,167094,21.12
344,4-Jul-25,IDSM,830,Ideal Spinning,25.29,25.29,25.29,25.29,3245,22.99
345,4-Jul-25,IDYM,830,Indus Dyeing,170,184.99,167.2,182.46,108957,170.25
346,4-Jul-25,IGIHL,812,IGI Holdings,249.89,265.49,240,257.67,759503,244.53
347,4-Jul-25,IGIL,812,IGI Life Ins,20.2,20.2,19.05,20,679,19.96
348,4-Jul-25,ILP,829,Interloop Ltd.,67.3,69.25,66.7,68.57,588727,67.3
349,4-Jul-25,ILP-AUG,40,Interloop Ltd.,0,0,0,70.13,0,68.92
350,4-Jul-25,ILP-JUL,40,Interloop Ltd.,67.5,69,67.5,69,3500,67.62
351,4-Jul-25,ILP-SEP,40,Interloop Ltd.,0,0,0,70.94,0,69.71
352,4-Jul-25,IMAGE,827,Image Pakistan,32.89,35.4,32,33.24,25392814,32.47
353,4-Jul-25,IMAGE-AUG,40,Image Pakistan,0,0,0,34,0,32.8
354,4-Jul-25,IMAGE-JULB,40,Image Pakistan,32.9,35.5,32.22,33.47,7934000,32.82
355,4-Jul-25,IMAGE-SEP,40,Image Pakistan,0,0,0,34.39,0,33.63
356,4-Jul-25,IML,813,Imperial Limite,17.38,18,17,17.07,17690,17.25
357,4-Jul-25,IMS,813,Intermarket Sec.,9.5,9.61,8.81,9.28,4461610,9.46
358,4-Jul-25,INDU,801,Indus Motor Co.,1891.6,1904.99,1865.01,1900.61,9211,1891.61
359,4-Jul-25,INIL,808,Int. Ind.Ltd.,193.99,194.7,190.5,192.68,238666,194
360,4-Jul-25,INIL-AUG,40,Int. Ind.Ltd.,0,0,0,197.06,0,198.66
361,4-Jul-25,INIL-JUL,40,Int. Ind.Ltd.,192.01,195,191.5,193,35000,194.87
362,4-Jul-25,INIL-SEP,40,Int. Ind.Ltd.,0,0,0,199.33,0,200.94
363,4-Jul-25,INKL,829,Int.Knitwear,21.5,21.5,20.51,21.14,17753,20.77
364,4-Jul-25,IPAK,822,Int. Packaging Films,23.02,23.2,22.9,23,136973,22.99
365,4-Jul-25,ISIL,810,Ismail Ind-,1875.75,1875.75,1858,1859.35,28,1848.75
366,4-Jul-25,ISL,808,Inter.Steel Ltd,96.5,99.2,94.17,97.65,954500,96.02
367,4-Jul-25,ISL-AUG,40,Inter.Steel Ltd,0,0,0,99.87,0,98.32
368,4-Jul-25,ISL-JUL,40,Inter.Steel Ltd,97,99.55,95,97.66,207500,96.61
369,4-Jul-25,ISL-SEP,40,Inter.Steel Ltd,0,0,0,101.02,0,99.46
370,4-Jul-25,ITTEFAQ,808,Ittefaq Iron Ind,9.28,9.3,8.95,9,1274523,9.13
371,4-Jul-25,JATM,830,J.A.Textile,29.28,30,28.01,28.02,5853,27.82
372,4-Jul-25,JDMT,830,Janana D Mal,83.36,89.95,83.36,88.57,78268,83.38
373,4-Jul-25,JDWS,826,J.D.W.Sugar,912,936.99,911.05,925,232,925
374,4-Jul-25,JGICL,812,Jubilee Gen.Ins,63.4,65,62.51,64.06,203200,62.97
375,4-Jul-25,JKSM,830,J.K.Spinning,104,104,103.11,110,2,110
376,4-Jul-25,JLICL,812,Jubile Life Ins,165,168,160,168,22592,159.68
377,4-Jul-25,JSBL,807,JS Bank Ltd,16.25,16.75,14.44,15.75,2396932,16.01
378,4-Jul-25,JSBL-AUG,40,JS Bank Ltd,16.49,16.49,16.49,16.49,3000,16.39
379,4-Jul-25,JSBL-JUL,40,JS Bank Ltd,16.58,16.58,14.7,15.84,765000,16.13
380,4-Jul-25,JSBL-SEP,40,JS Bank Ltd,0,0,0,16.29,0,16.58
381,4-Jul-25,JSCL,813,Jah.Sidd. Co.,22.29,24.31,22.29,24.31,4277086,22.1
382,4-Jul-25,JSCLPSA,813,JahangirSidd(Pref),10.75,11.18,10.65,11.04,4418041,10.66
383,4-Jul-25,JSGBETF,837,JS Global Banking,27.43,27.78,27.43,27.74,26000,27.5
384,4-Jul-25,JSGBETF-AUG,40,JS Global Banking,0,0,0,28.37,0,28.16
385,4-Jul-25,JSGBETF-JUL,40,JS Global Banking,0,0,0,27.96,0,27.75
386,4-Jul-25,JSGBETF-SEP,40,JS Global Banking,0,0,0,28.7,0,28.48
387,4-Jul-25,JSGCL,813,JS Global Cap.,130.28,145,130.28,144.14,2260,132.37
388,4-Jul-25,JSIL,813,JS Investments,25.9,27.83,25.8,27.83,37573,25.3
389,4-Jul-25,JSMFETF,837,JS Momentum,10.44,10.77,10.4,10.47,1434000,10.49
390,4-Jul-25,JSMFETF-AUGB,40,JS Momentum,0,0,0,10.71,0,10.74
391,4-Jul-25,JSMFETF-JULB,40,JS Momentum,0,0,0,10.55,0,10.59
392,4-Jul-25,JSMFETF-SEP,40,JS Momentum,0,0,0,10.83,0,10.87
393,4-Jul-25,JSML,826,Jauharabad Sug,47.1,51.36,45,49.29,241610,46.7
394,4-Jul-25,JUBS,829,Jubilee Spinning,12,12.89,11.95,12.7,102779,11.99
395,4-Jul-25,JVDC,838,Javedan Corp.,64.02,64.48,63.8,64.12,44606,63.98
396,4-Jul-25,KAPCO,824,Kot Addu Power,33,33.05,32.71,33.01,369871,32.84
397,4-Jul-25,KAPCO-AUG,40,Kot Addu Power,0,0,0,33.76,0,33.63
398,4-Jul-25,KAPCO-JUL,40,Kot Addu Power,33.24,33.25,33.24,33.25,2500,33
399,4-Jul-25,KAPCO-SEP,40,Kot Addu Power,0,0,0,34.15,0,34.02
400,4-Jul-25,KCL,811,Karam Ceramics,157.05,157.05,157.05,157.05,222,142.77
401,4-Jul-25,KEL,824,K-Electric Ltd.,5.2,5.2,5.07,5.1,6497385,5.15
402,4-Jul-25,KEL-AUG,40,K-Electric Ltd.,0,0,0,5.22,0,5.27
403,4-Jul-25,KEL-JUL,40,K-Electric Ltd.,5.22,5.22,5.11,5.11,678500,5.18
404,4-Jul-25,KEL-SEP,40,K-Electric Ltd.,0,0,0,5.28,0,5.33
405,4-Jul-25,KHTC,832,Khyber Tobacco,385,395,380,389.9,13015,378.86
406,4-Jul-25,KHYT,829,Khyber Textile,1524,1549.89,1410,1477.87,377,1449.8
407,4-Jul-25,KML,829,Kohinoor Mills,58.9,61.61,58.51,61.61,80352,56.01
408,4-Jul-25,KOHC,804,Kohat Cement,384.56,398.98,384,392.65,39610,391.14
409,4-Jul-25,KOHE,824,Kohinoor Energy,17.23,17.47,17.07,17.37,71144,17.25
410,4-Jul-25,KOHP,824,Kohinoor Power,6.71,6.93,6.71,6.91,6615,6.56
411,4-Jul-25,KOHTM,830,Kohat Textile,93.95,93.95,82,83.82,190160,87.96
412,4-Jul-25,KOIL,829,Kohinoor Ind.,10.28,10.28,10.01,10.11,30951,10.12
413,4-Jul-25,KOSM,830,Kohinoor Spining,6.04,6.35,5.94,6.18,19967719,6.04
414,4-Jul-25,KOSM-AUG,40,Kohinoor Spining,0,0,0,6.32,0,6.18
415,4-Jul-25,KOSM-JUL,40,Kohinoor Spining,6.26,6.4,6.04,6.24,10144500,6.1
416,4-Jul-25,KOSM-SEP,40,Kohinoor Spining,0,0,0,6.39,0,6.26
417,4-Jul-25,KPUS,826,Khairpur Sugar,124.4,124.4,120.01,121.49,654,123.73
418,4-Jul-25,KSBP,808,K.S.B.Pumps,213.1,218.89,213,214.33,27621,214.33
419,4-Jul-25,KSE30-AUG,41,KSE30,0,0,0,41067,0,40655
420,4-Jul-25,KSE30-JUL,41,KSE30,0,0,0,40627,0,40219
421,4-Jul-25,KSE30-SEP,41,KSE30,0,0,0,41419,0,41003
422,4-Jul-25,KSTM,830,Khalid Siraj,8.8,9.84,8.7,8.82,14105,8.87
423,4-Jul-25,KTML,829,Kohinoor Textile,193.95,195,186.2,194.66,633,190
424,4-Jul-25,LCI,805,Lucky Core Ind.,1588,1588,1575.1,1580.46,3061,1583.72
425,4-Jul-25,LEUL,816,Leather Up Ltd.,46.59,46.59,40.2,46.07,163814,42.35
426,4-Jul-25,LIVEN,823,Liven Pharma,67.5,69.4,66.5,66.85,1108055,67.02
427,4-Jul-25,LOADS,802,Loads Limited,14.4,15.1,14.3,15,5447112,14.36
428,4-Jul-25,LOTCHEM,805,Lotte Chemical,20.3,20.39,19.95,20.09,883444,20.05
429,4-Jul-25,LOTCHEM-AUG,40,Lotte Chemical,0,0,0,20.55,0,20.53
430,4-Jul-25,LOTCHEM-JUL,40,Lotte Chemical,20.43,20.48,20.11,20.24,97500,20.23
431,4-Jul-25,LOTCHEM-SEP,40,Lotte Chemical,0,0,0,20.78,0,20.77
432,4-Jul-25,LPGL,805,Leiner Pak Gelat,109.49,109.49,107.01,107.72,12079,108.1
433,4-Jul-25,LPL,824,Lalpir Power,25.6,25.99,25.4,25.84,57616,25.59
434,4-Jul-25,LPL-AUG,40,Lalpir Power,0,0,0,26.43,0,26.2
435,4-Jul-25,LPL-JUL,40,Lalpir Power,0,0,0,26.05,0,25.83
436,4-Jul-25,LPL-SEP,40,Lalpir Power,0,0,0,26.73,0,26.51
437,4-Jul-25,LSECL,813,LSE Capital Ltd.,6.09,6.26,5.87,6.12,88021,5.81
438,4-Jul-25,LSEFSL,813,LSE Fin. Services,35.87,35.89,31.9,34.78,419,34.78
439,4-Jul-25,LSEVL,813,LSE Ventures Ltd,12.93,12.93,11.31,12.04,387060,11.79
440,4-Jul-25,LUCK,804,Lucky Cement,352.99,354.5,350,353.08,962543,349.66
441,4-Jul-25,LUCK-AUG,40,Lucky Cement,0,0,0,361.11,0,358.05
442,4-Jul-25,LUCK-JUL,40,Lucky Cement,352,356.5,352,355.05,196000,351.63
443,4-Jul-25,LUCK-SEP,40,Lucky Cement,0,0,0,365.27,0,362.18
444,4-Jul-25,MACFL,822,MACPAC Films,54.9,57,51.71,53,611412,55.9
445,4-Jul-25,MACTER,823,Macter Int. Ltd,485,485,466,468.25,30589,482
446,4-Jul-25,MARI,820,Mari Energies Ltd.,649.13,649.95,642,643.76,527167,649.13
447,4-Jul-25,MARI-AUG,40,Mari Energies Ltd.,0,0,0,658.4,0,664.71
448,4-Jul-25,MARI-JUL,40,Mari Energies Ltd.,652,652,646.05,647.72,70000,653.34
449,4-Jul-25,MARI-SEP,40,Mari Energies Ltd.,0,0,0,665.99,0,672.36
450,4-Jul-25,MCB,807,MCB Bank Ltd,319,338,319,332.42,989196,323.6
451,4-Jul-25,MCB-AUG,40,MCB Bank Ltd,0,0,0,339.98,0,331.37
452,4-Jul-25,MCBIM,813,MCB Inv MGT,126.05,138.95,126,134.8,2315,138
453,4-Jul-25,MCB-JUL,40,MCB Bank Ltd,330,331,329,331,3000,327.15
454,4-Jul-25,MCB-SEP,40,MCB Bank Ltd,0,0,0,343.9,0,335.18
455,4-Jul-25,MDTL,828,Media Times Ltd,2.81,2.95,2.65,2.71,1281646,2.79
456,4-Jul-25,MEBL,807,Meezan Bank Ltd,351.99,357,350,355.6,903721,351.42
457,4-Jul-25,MEBL-AUG,40,Meezan Bank Ltd,0,0,0,363.69,0,359.85
458,4-Jul-25,MEBL-JUL,40,Meezan Bank Ltd,354.25,355.9,352,354.14,22500,353
459,4-Jul-25,MEBL-SEP,40,Meezan Bank Ltd,0,0,0,367.88,0,364
460,4-Jul-25,MEHT,829,Mehmood Tex.,308.5,322.98,306,306.35,407,306.5
461,4-Jul-25,MERIT,822,Merit Packaging,13.1,13.29,12.75,12.91,1334082,13.09
462,4-Jul-25,MFFL,810,MithchellsFruit,196.98,201.97,196.4,200.64,48439,197.8
463,4-Jul-25,MFL,810,Matco Foods Ltd,52.5,55,50.75,53.87,278710,51.27
464,4-Jul-25,MIIETF,837,Mahaana IslamicXD,13.68,13.81,13.68,13.78,442000,13.68
465,4-Jul-25,MIRKS,826,Mirpurkhas Sugar,32.26,33.35,32.26,32.74,13526,33
466,4-Jul-25,MLCF,804,Maple Leaf,83.98,83.98,82,82.66,3515802,83.46
467,4-Jul-25,MLCF-AUG,40,Maple Leaf,0,0,0,84.54,0,85.46
468,4-Jul-25,MLCF-JUL,40,Maple Leaf,84.05,84.21,82.51,83.23,736500,83.99
469,4-Jul-25,MLCF-SEP,40,Maple Leaf,0,0,0,85.51,0,86.45
470,4-Jul-25,MQTM,830,Maqbool Textile,32.15,35.5,32.15,35.72,28,35.72
471,4-Jul-25,MRNS,826,Mehran Sugar,52,52.99,51,51.99,2520,51.77
472,4-Jul-25,MSCL,808,Metro Steel,17.7,18.32,15.5,17.04,1279945,16.65
473,4-Jul-25,MSOT,829,Masood Textile,61.05,67.8,61,61.7,19958,65
474,4-Jul-25,MTL,801,Millat Tractors,557.5,557.9,552,557.29,81988,552.32
475,4-Jul-25,MTL-AUG,40,Millat Tractors,0,0,0,569.96,0,565.58
476,4-Jul-25,MTL-JUL,40,Millat Tractors,556,556,550,553,1000,557.44
477,4-Jul-25,MTL-SEP,40,Millat Tractors,0,0,0,576.53,0,572.09
478,4-Jul-25,MUGHAL,808,Mughal Iron,72,72.99,70.5,71.13,1070386,72.81
479,4-Jul-25,MUGHAL-AUG,40,Mughal Iron,0,0,0,72.75,0,74.56
480,4-Jul-25,MUGHALC,808,Mughal Iron(C),41.99,41.99,40.25,41.1,12003,40.93
481,4-Jul-25,MUGHAL-JUL,40,Mughal Iron,73,73,71,71.67,135000,73.23
482,4-Jul-25,MUGHAL-SEP,40,Mughal Iron,0,0,0,73.59,0,75.42
483,4-Jul-25,MUREB,810,Murree Brewery,900,935,875,901.83,305837,895.7
484,4-Jul-25,MWMP,818,Mandviwala,18.9,18.9,18.9,18.68,501,18.68
485,4-Jul-25,MZNPETF,837,Meezan PakistanXD,15.9,15.92,15.83,15.89,213000,15.83
486,4-Jul-25,NAGC,830,Nagina Cotton,61.03,68.9,61.03,65.53,1175,65.01
487,4-Jul-25,NATF,810,National Foods,345.05,360.95,344,352.19,1172132,340.33
488,4-Jul-25,NBP,807,National BankXD,116,123.11,114.5,120.57,9040003,115.87
489,4-Jul-25,NBP-AUG,40,National BankXD,0,0,0,123.31,0,118.65
490,4-Jul-25,NBPGETF,837,NBP Pakistan G ETFXD,22.95,22.95,22.87,22.9,6000,22.85
491,4-Jul-25,NBP-JUL,40,National BankXD,116,123.99,115.3,121.37,1689000,116.58
492,4-Jul-25,NBP-SEP,40,National BankXD,0,0,0,124.73,0,120.02
493,4-Jul-25,NCL,829,Nishat (Chun.),41,42.88,41,42.66,2080718,41
494,4-Jul-25,NCML,830,Nazir Cotton Mills,14.1,14.95,13.8,14.25,7303,15.11
495,4-Jul-25,NCPL,824,Nishat ChunPower,24.56,24.8,24.5,24.63,674895,24.58
496,4-Jul-25,NCPL-AUG,40,Nishat ChunPower,0,0,0,25.19,0,25.17
497,4-Jul-25,NCPL-JUL,40,Nishat ChunPower,0,0,0,24.83,0,24.07
498,4-Jul-25,NCPL-SEP,40,Nishat ChunPower,0,0,0,25.48,0,25.46
499,4-Jul-25,NESTLE,810,Nestle Pakistan,6966,7039.98,6966,7038.09,127,7000.92
500,4-Jul-25,NETSOL,828,Netsol Tech.,156.46,160.98,154.23,159.06,3171889,157.46
501,4-Jul-25,NETSOL-AUG,40,Netsol Tech.,157,160,157,160,1000,161
502,4-Jul-25,NETSOL-JUL,40,Netsol Tech.,156.21,161.5,155.3,159.69,889000,158.2
503,4-Jul-25,NETSOL-SEP,40,Netsol Tech.,0,0,0,164.55,0,163.1
504,4-Jul-25,NEXT,813,Next Capital,8.74,8.74,8.04,8.46,5909,8.45
505,4-Jul-25,NICL,805,Nimir Ind.Chem,160.95,162,158,160.59,46331,157.62
506,4-Jul-25,NITGETF,837,NIT PakistanXD,30,30,27.68,27.8,10500,27.6
507,4-Jul-25,NITGETF-AUGB,40,NIT PakistanXD,0,0,0,28.43,0,28.26
508,4-Jul-25,NITGETF-JULB,40,NIT PakistanXD,0,0,0,28.02,0,27.86
509,4-Jul-25,NITGETF-SEP,40,NIT PakistanXD,0,0,0,28.76,0,28.59
510,4-Jul-25,NML,829,Nishat Mills Ltd,132,132.9,128.62,131.93,1774614,131.75
511,4-Jul-25,NML-AUG,40,Nishat Mills Ltd,0,0,0,134.93,0,134.91
512,4-Jul-25,NML-JUL,40,Nishat Mills Ltd,133,133.21,129.55,132.86,538000,132.33
513,4-Jul-25,NML-SEP,40,Nishat Mills Ltd,0,0,0,136.49,0,136.47
514,4-Jul-25,NONS,826,Noon Sugar,90,90,90,90,2001,91
515,4-Jul-25,NPL,824,Nishat Power,36.99,36.99,36,36.27,167366,36.14
516,4-Jul-25,NPL-AUG,40,Nishat Power,0,0,0,37.09,0,37.01
517,4-Jul-25,NPL-JUL,40,Nishat Power,0,0,0,36.56,0,36.47
518,4-Jul-25,NPL-SEP,40,Nishat Power,0,0,0,37.52,0,37.43
519,4-Jul-25,NRL,825,National Refinery,250.29,252,246.5,248.27,177952,250.29
520,4-Jul-25,NRL-AUG,40,National Refinery,0,0,0,253.92,0,256.3
521,4-Jul-25,NRL-JUL,40,National Refinery,252,252.98,248.83,250.12,84000,251.9
522,4-Jul-25,NRL-SEP,40,National Refinery,0,0,0,256.84,0,259.25
523,4-Jul-25,NRSL,805,Nimir Resins,29.52,32.7,29.52,32.7,2877022,29.73
524,4-Jul-25,NSRM,827,National Silk,99.74,99.74,95.01,99.74,4652,90.67
525,4-Jul-25,OBOY,821,Oilboy Energy,9.23,9.25,8.97,9,127162,9.03
526,4-Jul-25,OCTOPUS,828,Octopus Digital,52.1,54.4,52.1,53.93,2567730,52.07
527,4-Jul-25,OCTOPUS-AUG,40,Octopus Digital,0,0,0,55.16,0,53.32
528,4-Jul-25,OCTOPUS-JUL,40,Octopus Digital,52.5,54.75,52.5,54.43,488500,52.47
529,4-Jul-25,OCTOPUS-SEP,40,Octopus Digital,0,0,0,55.79,0,53.93
530,4-Jul-25,OGDC,820,Oil & Gas Dev,229.67,230,226.52,227.28,2458630,229.09
531,4-Jul-25,OGDC-AUG,40,Oil & Gas Dev,0,0,0,232.45,0,234.59
532,4-Jul-25,OGDC-JULB,40,Oil & Gas Dev,230.91,231.99,228,228.9,1087500,230.35
533,4-Jul-25,OGDC-SEP,40,Oil & Gas Dev,0,0,0,235.13,0,237.29
534,4-Jul-25,OGTI-AUG,41,OGTI,0,0,0,28925,0,29250
535,4-Jul-25,OGTI-JUL,41,OGTI,0,0,0,28615,0,28936
536,4-Jul-25,OGTI-SEP,41,OGTI,0,0,0,29173,0,29500
537,4-Jul-25,OLPL,813,OLP Financial,39.4,40.5,39.3,40.21,39293,39.4
538,4-Jul-25,OLPM,819,OLP Modaraba,19.85,20.47,19.76,20,217071,19.71
539,4-Jul-25,OML,818,Olympia Mills,43.8,43.8,43.8,43.62,2,43.62
540,4-Jul-25,ORM,819,Orient Rental,10.39,10.44,10.29,10.39,1434,10.39
541,4-Jul-25,OTSU,823,Otsuka Pak,295.36,299.94,290,293.52,21155,297.2
542,4-Jul-25,P01GIS031225,36,1  Year GIS,95.9,95.9,95.9,95.9,631000000,95.9
543,4-Jul-25,P01GIS061125,36,1 Year GIS,96.86,96.86,96.86,96.86,10015000,96.78
544,4-Jul-25,P01GIS080126,36,1 Year GIS,95.3,95.3,95.3,95.3,10000,95.22
545,4-Jul-25,P01GIS150825,36,1 Year GIS,98.98,98.98,98.98,98.98,10000,98.9
546,4-Jul-25,P01GIS201025,36,1 Year GIS,97.28,97.28,97.28,97.28,10000,97.2
547,4-Jul-25,P01GIS250725,36,1 Year GIS,99.48,99.48,99.48,99.48,10000,99.45
548,4-Jul-25,P01GIS290526,36,1 Year GIS,91.71,91.71,91.71,91.71,10000,91.69
549,4-Jul-25,P03VRR211027,36,3 Year Variable Rate,0,0,0,100.84,49985000,100.84
550,4-Jul-25,P03VRR280627,36,3 Year Variable Rate,0,0,0,101,25000000,101
551,4-Jul-25,P05FRR211029,36,5 Year Fixed Rate,0,0,0,104.86,2490000,104.86
552,4-Jul-25,P05GIS091225,36,P05GIS091225,0,0,0,0,0,100
553,4-Jul-25,P05GIS290725,36,P05GIS290725,0,0,0,0,0,100
554,4-Jul-25,P05VRR211029,36,5 Year Variable Rate,101.8,101.8,101.8,101.8,250000000,101.98
555,4-Jul-25,P05VRR280629,36,5 Year Variable Rate,0,0,0,98.9,65000000,98.9
556,4-Jul-25,PABC,818,Pakistan Alumin,146.01,147.43,144,144.1,93091,145.84
557,4-Jul-25,PABC-JUL,40,Pakistan Alumin,0,0,0,145.25,0,147
558,4-Jul-25,PACE,838,Pace (Pak) Ltd.,6.09,6.1,5.95,6,2528372,6.04
559,4-Jul-25,PACE-AUG,40,Pace (Pak) Ltd.,0,0,0,6.14,0,6.18
560,4-Jul-25,PACE-JUL,40,Pace (Pak) Ltd.,6.04,6.09,6,6.05,162500,6.1
561,4-Jul-25,PACE-SEP,40,Pace (Pak) Ltd.,0,0,0,6.21,0,6.26
562,4-Jul-25,PAEL,803,Pak Elektron,41,41.8,40.92,41.28,6236580,40.96
563,4-Jul-25,PAEL-AUG,40,Pak Elektron,0,0,0,42.22,0,41.94
564,4-Jul-25,PAEL-JUL,40,Pak Elektron,41.35,42.1,41.25,41.53,1703000,41.21
565,4-Jul-25,PAEL-SEP,40,Pak Elektron,0,0,0,42.71,0,42.43
566,4-Jul-25,PAKD,828,Pak Datacom,339.88,339.88,320,325.28,33771,335.09
567,4-Jul-25,PAKL,816,Pak Leather,39.93,39.93,34.25,35.29,72392,36.3
568,4-Jul-25,PAKOXY,805,Pak Oxygen Ltd.,212.53,221.98,210,216.12,17304,211.55
569,4-Jul-25,PAKRI,812,Pak Reinsurance,14.75,15.22,14.4,14.92,7662588,14.58
570,4-Jul-25,PAKRI-AUG,40,Pak Reinsurance,0,0,0,15.26,0,14.93
571,4-Jul-25,PAKRI-JUL,40,Pak Reinsurance,14.75,15.3,14.5,15.1,1408000,14.71
572,4-Jul-25,PAKRI-SEP,40,Pak Reinsurance,0,0,0,15.44,0,15.1
573,4-Jul-25,PAKT,832,Pak Tobacco,1239,1269,1235,1263.92,320582,1232.67
574,4-Jul-25,PASL,813,Pervez Ahmed Co,3.04,3.04,2.85,2.89,4917266,2.95
575,4-Jul-25,PASM,829,Paramount Sp,4.76,5.25,4.76,5.2,96992,5.12
576,4-Jul-25,PCAL,803,Pakistan Cables-,150,152,147.75,150.01,13295,148.79
577,4-Jul-25,PECO,808,Pak Engineering,748.99,750,725,734.6,201,724.79
578,4-Jul-25,PGLC,815,Pak Gulf Leasing,22.48,22.48,20,20.13,36716,21.3
579,4-Jul-25,PIAHCLA,813,PIA Holding Company,20.72,22.48,20.6,22.28,13867071,20.82
580,4-Jul-25,PIAHCLA-AUG,40,PIA Holding Company,0,0,0,22.79,0,21.32
581,4-Jul-25,PIAHCLA-JUL,40,PIA Holding Company,21,22.63,20.75,22.43,9582500,20.96
582,4-Jul-25,PIAHCLA-SEP,40,PIA Holding Company,0,0,0,23.05,0,21.57
583,4-Jul-25,PIAHCLB,813,PIA Holding CompanyB,23670.14,23670.14,21518.31,23670.14,175,21518.31
584,4-Jul-25,PIBTL,833,Pak Int.Bulk,8.56,8.67,8.5,8.52,5907553,8.62
585,4-Jul-25,PIBTL-AUG,40,Pak Int.Bulk,0,0,0,8.71,0,8.83
586,4-Jul-25,PIBTL-JUL,40,Pak Int.Bulk,7.88,8.83,7.88,8.62,610000,8.67
587,4-Jul-25,PIBTL-SEP,40,Pak Int.Bulk,0,0,0,8.81,0,8.93
588,4-Jul-25,PICT,833,Pak.Int.Container,39.89,40.4,39.71,39.81,52272,39.89
589,4-Jul-25,PIL,812,PICIC Ins.Ltd.,3.68,3.68,3.5,3.53,75217,3.61
590,4-Jul-25,PIM,819,Popular Islamic,19.51,22.05,19,21.87,600,20.52
591,4-Jul-25,PINL,812,Premier Ins.,7.3,7.3,7,7.24,78863,7.23
592,4-Jul-25,PIOC,804,Pioneer Cement,221.98,221.98,215.85,217.47,69845,218.86
593,4-Jul-25,PIOC-AUG,40,Pioneer Cement,0,0,0,222.42,0,224.11
594,4-Jul-25,PIOC-JUL,40,Pioneer Cement,218,218.01,217,217,1500,220.89
595,4-Jul-25,PIOC-SEP,40,Pioneer Cement,0,0,0,224.98,0,226.69
596,4-Jul-25,PKGP,824,Pakgen Power,178,178,168.05,172.39,1351,171.66
597,4-Jul-25,PKGS,822,Packages Ltd.,547.34,550.5,535,549.94,48131,547.34
598,4-Jul-25,PMI,819,Prud Mod.1st,4.25,4.25,4.08,4.12,1642873,4.21
599,4-Jul-25,PMPK,832,Philip Morris Pak.,1300,1300,1300,1300,31,1300
600,4-Jul-25,PMRS,826,Premier Suger,275,295,275,287.35,107,270.37
601,4-Jul-25,PNSC,833,P.N.S.C,384,389.88,380,382.5,36435,384.7
602,4-Jul-25,POL,820,Pak Oilfields,595.33,604,591.99,599.53,141236,595.33
603,4-Jul-25,POL-AUG,40,Pak Oilfields,0,0,0,613.16,0,609.62
604,4-Jul-25,POL-JUL,40,Pak Oilfields,594.01,600,594.01,598,2500,600
605,4-Jul-25,POL-SEP,40,Pak Oilfields,0,0,0,620.23,0,616.64
606,4-Jul-25,POML,834,Punjab Oil,211,214.95,210.02,211.54,8525,210.86
607,4-Jul-25,POWER,804,Power Cement,13.7,13.9,13.6,13.84,1541042,13.7
608,4-Jul-25,POWER-AUG,40,Power Cement,0,0,0,14.15,0,14.03
609,4-Jul-25,POWER-JUL,40,Power Cement,13.8,13.95,13.72,13.91,356000,13.8
610,4-Jul-25,POWER-SEP,40,Power Cement,0,0,0,14.32,0,14.19
611,4-Jul-25,PPL,820,Pak Petroleum,175.7,176.3,171.64,172.35,3850794,175.09
612,4-Jul-25,PPL-AUG,40,Pak Petroleum,0,0,0,176.27,0,179.29
613,4-Jul-25,PPL-JULB,40,Pak Petroleum,176.28,177.06,172.8,173.38,785500,176.28
614,4-Jul-25,PPL-SEP,40,Pak Petroleum,0,0,0,178.3,0,181.36
615,4-Jul-25,PPP,822,Pak Paper Prod,200.98,224.88,187.5,224.29,361135,204.44
616,4-Jul-25,PPVC,805,Pak.P.V.C.,11,11,10.08,10.26,17282,10.55
617,4-Jul-25,PREMA,810,At-Tahur Ltd.,46.66,47.7,45.7,45.94,16866893,45.06
618,4-Jul-25,PREMA-AUG,40,At-Tahur Ltd.,0,0,0,46.98,0,46.14
619,4-Jul-25,PREMA-JUL,40,At-Tahur Ltd.,46.48,47.9,46.01,46.26,5961500,45.39
620,4-Jul-25,PREMA-SEP,40,At-Tahur Ltd.,0,0,0,47.53,0,46.67
621,4-Jul-25,PRET,830,Premium Tex.,477,477,450,470,537,464.31
622,4-Jul-25,PRL,825,Pak Refinery,33.59,33.59,33,33.12,4161380,33.23
623,4-Jul-25,PRL-AUG,40,Pak Refinery,0,0,0,33.87,0,34.03
624,4-Jul-25,PRL-JUL,40,Pak Refinery,33.49,33.6,33.21,33.31,1185500,33.47
625,4-Jul-25,PRL-SEP,40,Pak Refinery,0,0,0,34.26,0,34.42
626,4-Jul-25,PSEL,818,Pak Services,889.98,949,865,878.33,413,879.32
627,4-Jul-25,PSO,821,P.S.O.,396,397,389.1,391.91,2785112,394.82
628,4-Jul-25,PSO-AUG,40,P.S.O.,0,0,0,400.82,0,404.3
629,4-Jul-25,PSO-JUL,40,P.S.O.,398,399.15,392,394.34,964000,397.37
630,4-Jul-25,PSO-SEP,40,P.S.O.,0,0,0,405.44,0,408.95
631,4-Jul-25,PSX,813,Pak Stock Exchange,28.2,28.49,27.8,28.29,682372,27.91
632,4-Jul-25,PSYL,827,Pak Synthetics,70,71.52,66,67,9398,65.02
633,4-Jul-25,PTC,828,P.T.C.L.,24.6,25.5,24.5,24.68,4073992,24.68
634,4-Jul-25,PTC-AUG,40,P.T.C.L.,0,0,0,25.24,0,25.27
635,4-Jul-25,PTC-JUL,40,P.T.C.L.,24.9,25.63,24.7,24.82,1149000,24.83
636,4-Jul-25,PTC-SEP,40,P.T.C.L.,0,0,0,25.53,0,25.56
637,4-Jul-25,PTL,802,Panther Tyres Ltd.,44.39,46,44.39,45.41,1593474,44.08
638,4-Jul-25,QUET,829,Quetta Textile,15.89,15.94,14.6,14.8,12790,15.51
639,4-Jul-25,QUICE,810,Quice Food,8.1,8.2,7.8,7.88,1165443,8.07
640,4-Jul-25,RCML,830,Reliance Cotton,458,479,458,472,407,450.03
641,4-Jul-25,REDCO,829,Redco Textile,27.67,28,26.5,27.74,1365,27
642,4-Jul-25,REWM,829,Reliance Weaving,155.98,155.98,155,142.93,8,142.93
643,4-Jul-25,RICL,812,Reliance Ins.,10.4,10.5,10.12,10.49,44771,10.3
644,4-Jul-25,RMPL,810,Rafhan Maize,9550.01,9593.97,9500.01,9527.66,35,9534.28
645,4-Jul-25,RPL,822,Roshan Packages,21.19,22.4,20.65,21.94,1795544,20.82
646,4-Jul-25,RUBY,830,Ruby Textile,8.5,8.5,8.5,8.51,100,8.51
647,4-Jul-25,RUPL,827,Rupali Polyester,30.88,30.88,30.88,30.88,185035,28.07
648,4-Jul-25,SAIF,830,Saif Textile,19.99,21,19.3,20.65,39238,19.53
649,4-Jul-25,SAPT,829,Sapphire Tex.,1199,1199,1199,1199,100,1200
650,4-Jul-25,SARC,805,Sardar Chemical,78.98,81,67.67,68.05,37502,75.19
651,4-Jul-25,SASML,826,Sindh Abadgar,66,66,66,66,559,66.78
652,4-Jul-25,SAZEW,801,Sazgar Engineering,1172,1248.85,1165,1192.32,871489,1163.45
653,4-Jul-25,SAZEW-AUG,40,Sazgar Engineering,0,0,0,1219.43,0,1191.38
654,4-Jul-25,SAZEW-JUL,40,Sazgar Engineering,1190,1248,1175.01,1198.21,210000,1171.47
655,4-Jul-25,SAZEW-SEP,40,Sazgar Engineering,0,0,0,1233.49,0,1205.09
656,4-Jul-25,SBL,807,Samba Bank,9.53,10.05,9.53,10,13508,9.62
657,4-Jul-25,SCBPL,807,St.Chart.Bank,63.99,65,63.4,63.94,10465,64.16
658,4-Jul-25,SCL,810,Shield Corp.,351.37,352.97,337.37,346.52,2038,349.91
659,4-Jul-25,SEARL,823,The Searle Company,102.83,103.5,98.5,100.96,8537550,100.78
660,4-Jul-25,SEARL-AUG,40,The Searle Company,0,0,0,103.26,0,103.2
661,4-Jul-25,SEARL-JUL,40,The Searle Company,102.5,103.95,99.16,101.59,2153500,101.73
662,4-Jul-25,SEARL-SEP,40,The Searle Company,0,0,0,104.45,0,104.39
663,4-Jul-25,SEL,824,Sitara Energy,11.33,11.75,11.33,11.67,4882,11.33
664,4-Jul-25,SEPL,822,Security Paper,172.8,172.9,167,167.79,17384,170.8
665,4-Jul-25,SERT,830,Service Ind Tex,28.03,29.95,27.06,28.26,195313,28.85
666,4-Jul-25,SGF,816,Service Global,80,80.9,73.55,79.56,55817,78.27
667,4-Jul-25,SGPL,824,S.G.Power,7.8,8.3,7.8,8.01,42945,7.82
668,4-Jul-25,SHCM,830,Shadman Cotton,46.37,46.37,39.5,42.73,5178,43.65
669,4-Jul-25,SHDT,830,Shadab Textile,64.15,66.9,62,63.24,93243,67.62
670,4-Jul-25,SHEZ,810,Shezan Inter.,207.01,227,207.01,215,11434,219.38
671,4-Jul-25,SHFA,818,Shifa Int.Hospital,517.21,521.5,502,508.48,40777,514.54
672,4-Jul-25,SHNI,812,Shaheen Ins.,10.45,10.45,9.1,9.32,355918,10.03
673,4-Jul-25,SHSML,826,Shahmurad Sugar,360,378.98,360,365.21,20328,360
674,4-Jul-25,SIBL,813,Sec. Inv. Bank,11.86,11.95,11.18,11.93,222616,10.86
675,4-Jul-25,SIEM,803,Siemens Pak.,1525.25,1726.8,1525.25,1569.84,13,1569.84
676,4-Jul-25,SINDM,819,Sindh Modaraba,13,13,12.71,12.76,598,12.75
677,4-Jul-25,SITC,805,Sitara Chemical,478.39,499.9,478.39,492.63,47046,478.39
678,4-Jul-25,SKRS,826,Sakrand Sugar,12.42,12.42,11.82,12.19,242559,12.08
679,4-Jul-25,SLGL,833,Secure Logistics Gro,16.82,17.4,16.71,17.22,4221302,16.79
680,4-Jul-25,SLYT,830,Sally Textile,10.35,11.11,10.35,11.11,22798,10.1
681,4-Jul-25,SMCPL,804,Safe Mix Con.Ltd,22.13,22.75,21.7,22.39,101914,22.27
682,4-Jul-25,SML,826,Shakarganj Limited,69.99,69.99,69.99,66.33,2,66.33
683,4-Jul-25,SNAI,830,Sana Ind.,26.1,27.5,25.52,26.8,34249,27.01
684,4-Jul-25,SNBL,807,Soneri Bank Ltd,21.65,23.1,21.25,22,5801733,21.65
685,4-Jul-25,SNBL-AUG,40,Soneri Bank Ltd,0,0,0,22.5,0,22.17
686,4-Jul-25,SNBL-JUL,40,Soneri Bank Ltd,21.73,23.2,21.4,22.14,1048000,21.82
687,4-Jul-25,SNBL-SEP,40,Soneri Bank Ltd,0,0,0,22.76,0,22.42
688,4-Jul-25,SNGP,821,Sui North Gas,121.01,121.5,119.62,120.84,1598032,120.96
689,4-Jul-25,SNGP-AUG,40,Sui North Gas,0,0,0,123.59,0,123.86
690,4-Jul-25,SNGP-JULB,40,Sui North Gas,123.9,123.9,120.01,121.46,421000,121.56
691,4-Jul-25,SNGP-SEP,40,Sui North Gas,0,0,0,125.01,0,125.29
692,4-Jul-25,SPEL,822,SPEL Limited,44.51,46.13,43.52,44.89,937328,44.85
693,4-Jul-25,SPL,805,Sitara Peroxide,15.24,15.3,14.86,15,13513,15.13
694,4-Jul-25,SPWL,824,Saif Power Ltd,11.5,11.7,11.49,11.5,576724,11.5
695,4-Jul-25,SRVI,816,Service Ind.Ltd,1200,1250.5,1200,1247.53,11857,1202.39
696,4-Jul-25,SSGC,821,Sui South Gas,44.3,45,43.9,44.71,12187804,44.53
697,4-Jul-25,SSGC-AUG,40,Sui South Gas,0,0,0,45.73,0,45.6
698,4-Jul-25,SSGC-JUL,40,Sui South Gas,45,45.1,44.2,44.87,4750000,44.82
699,4-Jul-25,SSGC-SEP,40,Sui South Gas,0,0,0,46.25,0,46.12
700,4-Jul-25,SSML,830,Saritow Spinning,14.71,16.7,13.73,16.7,169467,15.18
701,4-Jul-25,SSOM,834,S.S.Oil,895,897.89,805,861.33,10949,867.82
702,4-Jul-25,STCL,811,Shabbir Tiles,13.9,13.9,13.62,13.87,58760,13.78
703,4-Jul-25,STJT,831,Shahtaj Textile,75,76.56,75,76.5,500,80
704,4-Jul-25,STL,828,Supernet Technologie,821,848.89,751,801.89,349,825.29
705,4-Jul-25,STML,829,Shams Textile,37.8,37.8,35.5,37.79,424,37.79
706,4-Jul-25,STPL,818,Siddiqsons Tin,6.7,7.4,6.62,7.06,4391562,6.79
707,4-Jul-25,STYLERS,829,Stylers Int.Ltd.,41.5,41.9,41.5,41.33,254,41.33
708,4-Jul-25,SURC,829,Suraj Cotton Mills,119.75,120.95,118,118.25,64043,119.91
709,4-Jul-25,SUTM,830,Sunrays Textile,180.2,189.85,180.2,186.49,7131,183.26
710,4-Jul-25,SYM,828,Symmetry Group Ltd,15.1,15.35,14.98,15.04,2632229,14.99
711,4-Jul-25,SYM-AUG,40,Symmetry Group Ltd,0,0,0,15.38,0,15.35
712,4-Jul-25,SYM-JUL,40,Symmetry Group Ltd,15.12,15.45,15.08,15.12,421000,15.06
713,4-Jul-25,SYM-SEP,40,Symmetry Group Ltd,0,0,0,15.56,0,15.53
714,4-Jul-25,SYS,828,Systems Limited,113,119.8,112.76,118.04,5237125,112.76
715,4-Jul-25,SYS-AUG,40,Systems Limited,0,0,0,120.72,0,115.47
716,4-Jul-25,SYS-JULB,40,Systems Limited,114.8,120,114.8,118.23,95500,113
717,4-Jul-25,SYS-SEP,40,Systems Limited,0,0,0,122.12,0,116.8
718,4-Jul-25,SZTM,830,Shahzad Tex.,65.6,65.6,58.75,59.01,7597,65.28
719,4-Jul-25,TATM,830,Tata Textile,159.99,176.34,144.52,176.34,679095,160.31
720,4-Jul-25,TBL,802,Treet Battery Ltd.,12.5,12.65,12.31,12.41,1812380,12.45
721,4-Jul-25,TCORP,826,Tariq Corp Ltd.,16.4,16.4,15.61,15.74,5076,15.85
722,4-Jul-25,TCORPCPS,826,Tariq Corp(Pref),8,8,8,8,9,8
723,4-Jul-25,TELE,828,Telecard Limited,8.04,8.16,7.97,8.13,4549884,8
724,4-Jul-25,TELE-AUG,40,Telecard Limited,0,0,0,8.31,0,8.19
725,4-Jul-25,TELE-JUL,40,Telecard Limited,8.08,8.21,8.05,8.13,844000,8.03
726,4-Jul-25,TELE-SEP,40,Telecard Limited,0,0,0,8.41,0,8.29
727,4-Jul-25,TGL,811,Tariq Glass Ind.,231.1,238.98,229,234.23,71766,235.06
728,4-Jul-25,TGL-AUG,40,Tariq Glass Ind.,0,0,0,239.56,0,240.7
729,4-Jul-25,TGL-JUL,40,Tariq Glass Ind.,233,235,232.32,235,3000,239
730,4-Jul-25,TGL-SEP,40,Tariq Glass Ind.,0,0,0,242.32,0,243.47
731,4-Jul-25,THALL,802,Thal Limited,403,412,400,408.25,15134,401.79
732,4-Jul-25,THCCL,804,Thatta Cement,187,188.9,182,186.8,155424,186.9
733,4-Jul-25,THCCL-AUG,40,Thatta Cement,0,0,0,191.05,0,191.39
734,4-Jul-25,THCCL-JUL,40,Thatta Cement,188.5,188.5,186,186,3000,187.89
735,4-Jul-25,THCCL-SEP,40,Thatta Cement,0,0,0,193.25,0,193.59
736,4-Jul-25,TICL,826,Thal Ind.Corp.,395.99,420,395.99,393.76,13,393.76
737,4-Jul-25,TOMCL,810,The Organic Meat,35.9,35.9,34.55,34.98,2804019,35.27
738,4-Jul-25,TOMCL-AUG,40,The Organic Meat,0,0,0,35.78,0,36.12
739,4-Jul-25,TOMCL-JUL,40,The Organic Meat,35.87,36,34.94,35.11,956000,35.5
740,4-Jul-25,TOMCL-SEP,40,The Organic Meat,0,0,0,36.19,0,36.53
741,4-Jul-25,TOWL,829,Towellers Limited,169.9,171.99,167.12,169.17,43923,167.68
742,4-Jul-25,TPL,828,TPL Corp Ltd,5.6,5.68,5.52,5.54,1245422,5.55
743,4-Jul-25,TPLI,812,TPL Insurance,8.83,9,8.51,8.58,32762,9
744,4-Jul-25,TPLP,838,TPL Properties,9.72,9.94,9.72,9.87,2946562,9.83
745,4-Jul-25,TPLP-AUG,40,TPL Properties,0,0,0,10.09,0,10.07
746,4-Jul-25,TPLP-JUL,40,TPL Properties,9.84,10,9.84,9.94,2208000,9.95
747,4-Jul-25,TPLP-SEP,40,TPL Properties,0,0,0,10.21,0,10.18
748,4-Jul-25,TPLRF1,836,TPL REIT Fund I,13.5,14.72,12.55,13.31,58583,13.44
749,4-Jul-25,TPLT,828,TPL Trakker Ltd,7.15,7.19,7.01,7.07,147713,6.95
750,4-Jul-25,TREET,810,Treet Corp,23.05,24.34,23,23.93,29716643,22.86
751,4-Jul-25,TREET-AUG,40,Treet Corp,0,0,0,24.47,0,23.41
752,4-Jul-25,TREET-JUL,40,Treet Corp,23.19,24.5,23.19,24.05,11439500,23.01
753,4-Jul-25,TREET-SEP,40,Treet Corp,0,0,0,24.76,0,23.68
754,4-Jul-25,TRG,828,TRG Pak Ltd,58.29,63.45,58.01,58.76,20123832,58.24
755,4-Jul-25,TRG-AUGB,40,TRG Pak Ltd,0,0,0,60.1,0,59.64
756,4-Jul-25,TRG-JULB,40,TRG Pak Ltd,59.2,63.8,58.72,59.16,8099000,58.64
757,4-Jul-25,TRG-SEP,40,TRG Pak Ltd,0,0,0,60.79,0,60.32
758,4-Jul-25,TRIPF,818,Tri-Pack Films,150.9,162.9,150,160.32,2124302,149.66
759,4-Jul-25,TRSM,819,Trust Modaraba,8.55,8.74,7.9,7.98,147786,8.12
760,4-Jul-25,TSBL,813,Trust Brokerage,13,13,12.89,12,11,12
761,4-Jul-25,TSMF,806,Tri-Star Mutual,9.35,9.35,9.35,9.35,5531,8.35
762,4-Jul-25,TSML,826,Tandlianwala Sugar,205,215.86,190,211.51,147,196.24
763,4-Jul-25,TSPL,824,Tri-Star Power,7.99,7.99,6.71,7.49,43199,7.51
764,4-Jul-25,UBDL,818,United Brands,26.87,27.9,25.5,26.85,11383,26.68
765,4-Jul-25,UBL,807,United Bank,309.84,329.9,309,327.49,3748255,309.84
766,4-Jul-25,UBL-AUGB,40,United Bank,0,0,0,334.94,0,317.28
767,4-Jul-25,UBL-JULB,40,United Bank,318.99,332,315,330.09,211500,311.73
768,4-Jul-25,UBLPETF,837,UBLPakistanETFXD,30,30.5,30,30.5,27500,29.82
769,4-Jul-25,UBLPETF-AUGB,40,UBLPakistanETFXD,0,0,0,31.19,0,30.54
770,4-Jul-25,UBLPETF-JULB,40,UBLPakistanETFXD,0,0,0,30.74,0,30.1
771,4-Jul-25,UBLPETF-SEP,40,UBLPakistanETFXD,0,0,0,31.55,0,30.89
772,4-Jul-25,UBL-SEP,40,United Bank,0,0,0,338.8,0,320.93
773,4-Jul-25,UCAPM,819,Unicap Modaraba,3.86,4.14,3.76,3.81,129513,3.77
774,4-Jul-25,UDLI,818,UDL Int.Ltd.,10.08,10.35,10.02,10.1,25522,10
775,4-Jul-25,UDPL,818,United Distributor,66.75,71.9,65.5,69.97,55825,65.36
776,4-Jul-25,UNIC,812,United Insurance,16.35,16.71,16.15,16.64,132777,16.26
777,4-Jul-25,UNITY,810,Unity Foods Ltd,24.99,26.57,24.6,26.15,10837548,24.79
778,4-Jul-25,UNITY-AUG,40,Unity Foods Ltd,0,0,0,26.74,0,25.39
779,4-Jul-25,UNITY-JUL,40,Unity Foods Ltd,24.84,26.55,24.77,26.28,2448000,24.9
780,4-Jul-25,UNITY-SEP,40,Unity Foods Ltd,0,0,0,27.05,0,25.68
781,4-Jul-25,UPFL,810,Unilever Foods,23650,23650,23100,23646.99,15,23600
782,4-Jul-25,UVIC,812,Universal Ins.,10.33,10.45,9.21,10.25,10024,9.98
783,4-Jul-25,WAFI,821,Wafi Energy Pak,196,198,194.07,194.74,70935,195.82
784,4-Jul-25,WAHN,805,Wah-Noble,317,317,307,307.15,934,312.02
785,4-Jul-25,WAVES,803,Waves Corp Ltd.,8,8.25,7.95,8,2351415,8.05
786,4-Jul-25,WAVESAPP,803,Waves Home App,9.79,9.85,9.63,9.72,2627931,9.83
787,4-Jul-25,WAVESAPP-AUG,40,Waves Home App,0,0,0,9.94,0,10.07
788,4-Jul-25,WAVESAPP-JUL,40,Waves Home App,9.9,10,9.64,9.76,267000,9.84
789,4-Jul-25,WAVESAPP-SEP,40,Waves Home App,0,0,0,10.06,0,10.18
790,4-Jul-25,WAVES-AUG,40,Waves Corp Ltd.,0,0,0,8.18,0,8.24
791,4-Jul-25,WAVES-JUL,40,Waves Corp Ltd.,8.04,8.3,8.04,8.05,402500,8.14
792,4-Jul-25,WAVES-SEP,40,Waves Corp Ltd.,0,0,0,8.28,0,8.34
793,4-Jul-25,WTL,828,WorldCall Telecom,1.6,1.63,1.53,1.55,58256083,1.59
794,4-Jul-25,WTL-AUG,40,WorldCall Telecom,0,0,0,1.59,0,1.63
795,4-Jul-25,WTL-JUL,40,WorldCall Telecom,1.61,1.64,1.55,1.57,9767500,1.6
796,4-Jul-25,WTL-SEP,40,WorldCall Telecom,0,0,0,1.6,0,1.65
797,4-Jul-25,YOUW,831,Yousuf Weaving,5.28,5.42,5.11,5.22,3660701,5.21
798,4-Jul-25,YOUW-AUG,40,Yousuf Weaving,0,0,0,5.34,0,4.51
799,4-Jul-25,YOUW-JUL,40,Yousuf Weaving,5.3,5.45,5.1,5.26,1054000,5.26
800,4-Jul-25,ZAHID,829,ZahidJee Tex.,79.4,82.66,74.1,80.53,122849,75.63
801,4-Jul-25,ZAL,828,Zarea Limited,19.68,19.68,19.68,19.68,1182215,17.89
802,4-Jul-25,ZIL,810,ZIL Limited,357,377.74,311,334.19,10138,343.98
803,4-Jul-25,ZTL,831,Zephyr Textile,14.5,14.5,14.1,14.49,5600,14.5
